task,model,judge,criterion,n_samples,pearson_r,pearson_p,kendall_tau,kendall_p,spearman_r,spearman_p,mae,rmse,cohen_kappa,agreement_within_1,exact_agreement
interview,AF3_summary,Llama,overall,24,0.3501338577435767,0.09348289129659523,0.3572887190468934,0.06150404563660714,0.39003822561925783,0.05953871582879139,0.5416666666666666,0.9354143466934853,0.23943661971830987,0.8333333333333334,0.625
interview,AF3_summary,Llama,fluency,24,0.29277002188455997,0.16503046764147183,0.32097128032376626,0.10200224211154967,0.335860133242379,0.10859399417625223,0.5,0.816496580927726,0.2499999999999999,0.9166666666666666,0.5833333333333334
interview,AF3_summary,Llama,faithfulness,24,-0.14943570038860707,0.48584660826055914,-0.18487899777712063,0.3219708003930891,-0.19198947752457715,0.36878908322962456,1.25,1.6583123951777,-0.011709601873536313,0.7083333333333334,0.25
interview,AF3_summary,Llama,coverage,24,0.3495075413057186,0.09411110038279011,0.18142947611191462,0.3253710692258369,0.19516016267604644,0.3607813941815342,0.75,1.118033988749895,0.2101265822784809,0.8333333333333334,0.4583333333333333
interview,AF3_summary,Llama,purity,24,,,,,,,0.3333333333333333,1.1547005383792515,0.0,0.9166666666666666,0.9166666666666666
interview,AF3_summary,Llama,usefulness,24,0.1383969945510788,0.5189759577933145,0.14967960091575178,0.4324766150660674,0.16179122060156542,0.45007103726717923,0.7083333333333334,1.1726039399558574,0.06382978723404253,0.8333333333333334,0.5416666666666666
interview,AF3_summary,Mistral,overall,24,0.2062842492517587,0.3334995460190932,0.16372433836314543,0.38618211650171697,0.18015203321469322,0.3995805068731617,0.875,1.1726039399558574,0.12528473804100237,0.8333333333333334,0.3333333333333333
interview,AF3_summary,Mistral,fluency,24,0.12060453783110542,0.5745564432546074,-0.11581520856938242,0.5498239005722544,-0.11372439855866419,0.5967267309175235,0.9166666666666666,1.1547005383792515,-0.1707317073170731,0.875,0.25
interview,AF3_summary,Mistral,faithfulness,24,0.19848147123014515,0.35250308201166297,0.20712283925606487,0.27558991706373226,0.2191769093788033,0.30347832671549896,1.125,1.4288690166235205,-0.015590200445434244,0.75,0.20833333333333334
interview,AF3_summary,Mistral,coverage,24,0.19753479793961773,0.35485117487923595,0.015853057338939592,0.9311152120178032,0.02956336306324568,0.8909294059111772,1.0416666666666667,1.399404635312222,0.07913669064748197,0.7083333333333334,0.3333333333333333
interview,AF3_summary,Mistral,purity,24,,,,,,,0.0,0.0,,1.0,1.0
interview,AF3_summary,Mistral,usefulness,24,0.24557123921298143,0.24741773429843647,0.04239311107356367,0.8183119341797737,0.057347126123467373,0.7901133058045391,0.9166666666666666,1.3228756555322954,0.12271540469973885,0.75,0.4166666666666667
interview,AF3_summary,Qwen,overall,24,0.49385926789295204,0.014178414775858834,0.42228920584667207,0.03338656372512444,0.44359431403913285,0.029911308810816647,0.4166666666666667,0.7637626158259734,0.19327731092436973,0.9166666666666666,0.6666666666666666
interview,AF3_summary,Qwen,fluency,24,0.175662013130736,0.4116248357885043,0.11952286093343938,0.5531350833025764,0.12366340153230444,0.5648176511530367,0.5833333333333334,0.816496580927726,-0.02631578947368407,0.9583333333333334,0.4583333333333333
interview,AF3_summary,Qwen,faithfulness,24,-0.15612106723948438,0.46631390911896947,-0.12845757450669026,0.5071741136865822,-0.13984961622187228,0.5145553006799704,0.7083333333333334,1.136515141415488,0.1299093655589123,0.875,0.5
interview,AF3_summary,Qwen,coverage,24,0.39834823795432905,0.053857269566148974,0.17000510022951146,0.39320700525650065,0.17803292133101256,0.40524019085811225,0.7083333333333334,0.9789450103725609,-0.1200000000000001,0.875,0.4166666666666667
interview,AF3_summary,Qwen,purity,24,,,,,,,0.0,0.0,,1.0,1.0
interview,AF3_summary,Qwen,usefulness,24,0.4341793976540785,0.03401274677374833,0.28114294119443695,0.1604738059476739,0.2926457719863848,0.16521818571507252,0.4583333333333333,0.7905694150420949,0.0181818181818183,0.9166666666666666,0.625
interview,Qwen_summary,Llama,overall,26,0.6608873883262412,0.00023762666792554571,0.6109598099719176,0.0008384481757197723,0.6496550319335679,0.00032862704049176696,0.4230769230769231,0.7595545253127499,0.4193548387096774,0.9230769230769231,0.6538461538461539
interview,Qwen_summary,Llama,fluency,26,0.8035073760083707,7.711358798089852e-07,0.9118781383114933,2.5225837419706964e-06,0.9412591670730804,8.236828250342221e-13,0.11538461538461539,0.4385290096535146,0.8470588235294118,0.9615384615384616,0.9230769230769231
interview,Qwen_summary,Llama,faithfulness,26,0.8465799030177025,5.014889338160239e-08,0.8393776485790443,5.711448640666148e-06,0.8846208321944109,2.0148306119672776e-09,0.19230769230769232,0.4385290096535146,0.6692111959287532,1.0,0.8076923076923077
interview,Qwen_summary,Llama,coverage,26,0.8370221386594626,9.831144646254904e-08,0.8319169896555902,5.73710497824472e-06,0.8825851428312866,2.4584454178096144e-09,0.23076923076923078,0.4803844614152614,0.6320754716981132,1.0,0.7692307692307693
interview,Qwen_summary,Llama,purity,26,0.4615400852074422,0.017624239992491804,0.5439313353164624,0.004541714229298278,0.5675719383392573,0.0024934217870031306,1.7307692307692308,1.8501559185854912,0.006369426751592466,0.23076923076923078,0.07692307692307693
interview,Qwen_summary,Llama,usefulness,26,0.20897168019304124,0.30559294492899125,0.2042627167556587,0.23442566367910145,0.21327836853828155,0.29550425563423155,0.7307692307692307,1.255755978254962,0.4661190965092403,0.7307692307692307,0.6153846153846154
interview,Qwen_summary,Mistral,overall,26,0.5727106330035531,0.0022301408054051356,0.5170719456436328,0.0032323862993654633,0.5751020215588968,0.002115977426124312,0.5769230769230769,0.8086075400626399,0.24481327800829877,0.9615384615384616,0.46153846153846156
interview,Qwen_summary,Mistral,fluency,26,0.01149083755544486,0.9555712040120369,-0.30012252399939043,0.12403880322987529,-0.3076080258443756,0.12633896765658634,1.5,1.6756169931378433,0.10625000000000007,0.34615384615384615,0.15384615384615385
interview,Qwen_summary,Mistral,faithfulness,26,0.7469811353222381,1.166497677675138e-05,0.7114624027803544,7.069245038627613e-05,0.7858000993360239,1.9678461762660804e-06,0.38461538461538464,0.6201736729460423,0.39252336448598124,1.0,0.6153846153846154
interview,Qwen_summary,Mistral,coverage,26,0.7462025072446364,1.204956757134878e-05,0.7269586642454514,9.691936154070354e-05,0.7796355023744105,2.672210438337218e-06,0.34615384615384615,0.5883484054145521,0.44285714285714284,1.0,0.6538461538461539
interview,Qwen_summary,Mistral,purity,26,0.033079070785198283,0.8725510811563663,0.016384638410380813,0.9318767924300766,0.017096755376590327,0.9339349932870838,1.8846153846153846,2.009592381171251,0.0031948881789137795,0.15384615384615385,0.07692307692307693
interview,Qwen_summary,Mistral,usefulness,26,0.28653258010884336,0.15585858290860394,0.17239291620136737,0.33085946982764736,0.19335095408368358,0.34395246087980347,0.8461538461538461,1.0741723110591492,-0.02631578947368407,0.8461538461538461,0.3076923076923077
interview,Qwen_summary,Qwen,overall,26,0.27435748398107973,0.17498857733774054,0.20440117287491322,0.2640105432262453,0.2220471462428975,0.27561615603480205,1.3461538461538463,1.5566235649883124,-0.05840707964601766,0.6153846153846154,0.11538461538461539
interview,Qwen_summary,Qwen,fluency,26,-0.007349564395040418,0.971575117593736,-0.015487133117489393,0.9373432918143145,-0.015721884713429394,0.9392377006901123,0.7692307692307693,1.0,0.05957446808510636,0.8846153846153846,0.34615384615384615
interview,Qwen_summary,Qwen,faithfulness,26,0.4505014619699947,0.020912355142756783,0.4937364173268989,0.00588528324361119,0.542134091694213,0.004223452834347558,0.9615384615384616,1.255755978254962,0.04448742746615075,0.8461538461538461,0.2692307692307692
interview,Qwen_summary,Qwen,coverage,26,0.692122799997232,8.957030699971991e-05,0.6347513304800011,0.0005441678871884382,0.6733793651342065,0.0001630707523947286,1.6538461538461537,1.7650452162436563,-0.11184210526315774,0.4230769230769231,0.0
interview,Qwen_summary,Qwen,purity,26,,,,,,,1.8846153846153846,2.009592381171251,0.0,0.15384615384615385,0.07692307692307693
interview,Qwen_summary,Qwen,usefulness,26,0.26162797606709143,0.19668192026093298,0.19312857269946337,0.2878402839234908,0.20690192117072573,0.3105165955854346,1.7692307692307692,2.019139192062567,0.01320132013201325,0.34615384615384615,0.11538461538461539
interview,Kimi_summary,Llama,overall,24,0.5653834970397652,0.0039878335963504435,0.5107600700046385,0.0059789643840558945,0.5690567658403266,0.0037077449935331887,0.7916666666666666,1.0606601717798212,0.1325301204819278,0.8333333333333334,0.375
interview,Kimi_summary,Llama,fluency,24,0.5153385008824813,0.009959841692521858,0.5333333333333333,0.009236735486806607,0.5427975276382807,0.006131421326763808,0.75,0.9128709291752769,-0.2142857142857142,0.9583333333333334,0.2916666666666667
interview,Kimi_summary,Llama,faithfulness,24,0.5766732542505499,0.00317956471000192,0.5617865756034147,0.0021113282265458593,0.6408195841770408,0.0007414093332728067,1.3333333333333333,1.5545631755148024,0.020408163265306145,0.5416666666666666,0.16666666666666666
interview,Kimi_summary,Llama,coverage,24,0.48053723116357083,0.01746208567279197,0.43145549730400484,0.01782699717126574,0.49234904208948005,0.01452304502089981,1.0833333333333333,1.4719601443879744,0.2398190045248868,0.5416666666666666,0.4166666666666667
interview,Kimi_summary,Llama,purity,24,,,,,,,0.6666666666666666,1.632993161855452,0.0,0.8333333333333334,0.8333333333333334
interview,Kimi_summary,Llama,usefulness,24,0.7035264706814485,0.00012538871276892278,0.6601095976056278,0.0002611687946644089,0.7224270208148037,6.704551614613812e-05,0.75,1.0408329997330663,0.11764705882352944,0.9166666666666666,0.375
interview,Kimi_summary,Mistral,overall,24,0.6661797832719718,0.00037960880759330216,0.5903049659267464,0.0015449738246916093,0.6458179421562137,0.0006528474858994925,0.9583333333333334,1.1726039399558574,0.03355704697986572,0.7916666666666666,0.25
interview,Kimi_summary,Mistral,fluency,24,-0.16903085094570328,0.4297735472143662,-0.25819888974716115,0.19814426237732818,-0.2683281572999748,0.2048826686791113,0.875,0.9789450103725609,-0.29032258064516125,0.9583333333333334,0.16666666666666666
interview,Kimi_summary,Mistral,faithfulness,24,0.4776109086855938,0.018260478547069837,0.4747380984765922,0.008423024751687604,0.5477130751825218,0.005597409317135789,1.125,1.3693063937629153,0.02921348314606731,0.625,0.25
interview,Kimi_summary,Mistral,coverage,24,0.5466693885861216,0.00570740611410038,0.5142653638627285,0.004741230220620658,0.5772882749343476,0.0031398478951895643,1.2916666666666667,1.695582495781317,0.12925170068027214,0.5416666666666666,0.3333333333333333
interview,Kimi_summary,Mistral,purity,24,,,,,,,0.0,0.0,,1.0,1.0
interview,Kimi_summary,Mistral,usefulness,24,0.5893814740081347,0.002439969470573093,0.5119850460993318,0.004366589579678133,0.5891601929500262,0.0024514694476838175,1.2916666666666667,1.6457014715109584,0.04424778761061943,0.625,0.25
interview,Kimi_summary,Qwen,overall,24,0.4152273992686998,0.0436179134269548,0.4342715744283826,0.02683947328591319,0.46161850211016575,0.02316466632449646,0.4583333333333333,0.7359800721939872,0.2920353982300885,0.9583333333333334,0.5833333333333334
interview,Kimi_summary,Qwen,fluency,24,0.026490647141300908,0.9022097979098211,0.02649064714130088,0.8989050350058245,0.026490647141300873,0.9022097979098211,0.4166666666666667,0.6454972243679028,0.024390243902439046,1.0,0.5833333333333334
interview,Kimi_summary,Qwen,faithfulness,24,0.4072567040945757,0.04824354202983657,0.433340020730933,0.019744944341857744,0.4975755074504381,0.013358838781041221,0.75,0.9574271077563381,0.0025974025974024872,0.9166666666666666,0.3333333333333333
interview,Kimi_summary,Qwen,coverage,24,0.3354101966249684,0.1090978591812409,0.3465132444386918,0.07504386396915552,0.37119655877432595,0.07412579812556949,0.5833333333333334,1.0,0.15492957746478875,0.875,0.5833333333333334
interview,Kimi_summary,Qwen,purity,24,,,,,,,0.0,0.0,,1.0,1.0
interview,Kimi_summary,Qwen,usefulness,24,0.18860838403857938,0.3774403814849633,0.21290467263536578,0.27429882739587585,0.22795136315904263,0.28403548545512786,0.5416666666666666,0.8416254115301732,0.10204081632653061,0.9166666666666666,0.5416666666666666
interview,Salmon_summary,Llama,overall,26,0.7684835114425301,4.538674358376383e-06,0.7777842040734453,1.1825900322063946e-05,0.8380187832112644,9.18331058968762e-08,0.4230769230769231,0.7595545253127499,0.4608294930875575,0.9230769230769231,0.6538461538461539
interview,Salmon_summary,Llama,fluency,26,0.9795153847250273,3.2466655772961438e-18,0.9822208047333865,1.9395684105981225e-08,0.9929160855486108,1.0169702563862853e-23,0.038461538461538464,0.19611613513818404,0.941834451901566,1.0,0.9615384615384616
interview,Salmon_summary,Llama,faithfulness,26,0.7638990385502596,5.596102842827898e-06,0.7113229324978938,5.6119598670505784e-05,0.7655677983162106,5.188138382883621e-06,0.4230769230769231,0.8086075400626399,0.5251141552511416,0.8846153846153846,0.6923076923076923
interview,Salmon_summary,Llama,coverage,26,0.7508296122077719,9.920028906184197e-06,0.8637538307466709,2.1623991092357817e-06,0.9263285478090202,1.1539273625591738e-11,0.3076923076923077,0.7844645405527362,0.6941176470588235,0.9230769230769231,0.8076923076923077
interview,Salmon_summary,Llama,purity,26,0.9531350514175674,5.827121961552026e-14,0.9498713802919552,7.5003058764476e-07,0.9895879794716979,1.0164422584196228e-21,0.19230769230769232,0.5188745216627708,0.606060606060606,0.9615384615384616,0.8461538461538461
interview,Salmon_summary,Llama,usefulness,26,0.9324734275526619,4.190440549224282e-12,0.9118600385602312,7.609450645423885e-08,0.9444312486171001,4.301480359919219e-13,0.15384615384615385,0.3922322702763681,0.7877551020408163,1.0,0.8461538461538461
interview,Salmon_summary,Mistral,overall,26,0.6838548078646328,0.00011728670124243206,0.6281387013626524,0.00031701834626717294,0.6883859654865588,0.00010128522391543572,0.6153846153846154,0.8320502943378437,0.17894736842105252,0.9615384615384616,0.4230769230769231
interview,Salmon_summary,Mistral,fluency,26,0.4990048322731162,0.009457478252035306,0.5103153587515395,0.0035530320062974537,0.5664821618454681,0.002552547483282029,1.2307692307692308,1.5191090506254998,0.06024096385542166,0.6538461538461539,0.19230769230769232
interview,Salmon_summary,Mistral,faithfulness,26,0.5701982436633191,0.0023557233376292385,0.4757693774650227,0.00607352341259261,0.5295003217614214,0.00540649067104548,0.7307692307692307,0.9805806756909202,0.11489361702127654,0.8846153846153846,0.38461538461538464
interview,Salmon_summary,Mistral,coverage,26,0.6970221710193575,7.602962766301785e-05,0.5193780352245,0.0034460402946443324,0.5599268842152183,0.0029341007306470084,0.5769230769230769,0.8086075400626399,0.19469026548672563,0.9615384615384616,0.46153846153846156
interview,Salmon_summary,Mistral,purity,26,0.5219105239567052,0.00624338564446522,0.4384286482814133,0.022383142670674885,0.45676049325958,0.01899167549581122,0.7307692307692307,1.5566235649883124,0.1333333333333333,0.8076923076923077,0.7307692307692307
interview,Salmon_summary,Mistral,usefulness,26,0.6731710410794636,0.00016412152124513062,0.5957539047742478,0.0005672560425333906,0.6655485471291072,0.00020689947369613475,0.5769230769230769,0.8987170342729172,0.3580246913580247,0.8846153846153846,0.5384615384615384
interview,Salmon_summary,Qwen,overall,26,0.6332822235527157,0.0005154167551974158,0.5712812470877013,0.001647349656592331,0.613867226247486,0.000851303913252169,1.1923076923076923,1.427747014866968,-0.04379562043795615,0.7307692307692307,0.15384615384615385
interview,Salmon_summary,Qwen,fluency,26,0.2966708316349186,0.14110179530605907,0.30613927666480734,0.09495823698702456,0.33197964686634607,0.09754131421992601,1.0384615384615385,1.3155870289605438,-0.07216494845360821,0.8076923076923077,0.23076923076923078
interview,Salmon_summary,Qwen,faithfulness,26,0.8099967340362375,5.342100233404605e-07,0.728297254093596,3.9781111578155736e-05,0.7774245316612008,2.9751736942419643e-06,0.8846153846153846,1.0561177090573832,0.022556390977443552,0.8846153846153846,0.23076923076923078
interview,Salmon_summary,Qwen,coverage,26,0.7413727656280097,1.4697891998582828e-05,0.7619563892371418,2.3319585707127657e-05,0.8041418714361855,7.44393840016105e-07,1.7307692307692308,1.8292495308606331,-0.028481012658228,0.2692307692307692,0.038461538461538464
interview,Salmon_summary,Qwen,purity,26,,,,,,,0.8846153846153846,1.9115036368906426,0.0,0.7692307692307693,0.7692307692307693
interview,Salmon_summary,Qwen,usefulness,26,0.6054849159465443,0.0010468139998675852,0.5363225871270069,0.0028745617525421105,0.5784730517154569,0.0019635741018845182,1.4615384615384615,1.6870547845739468,-0.0035087719298247944,0.46153846153846156,0.15384615384615385
interview,GAMA_summary,Llama,overall,26,0.8695128576009581,8.1347796840724e-09,0.861356769214109,1.0330770623235175e-05,0.8820263667876299,2.594809223743429e-09,0.07692307692307693,0.2773500981126146,0.6829268292682926,1.0,0.9230769230769231
interview,GAMA_summary,Llama,fluency,26,-0.0914899337102201,0.6566812783500356,-0.1300406440528924,0.47929275402807126,-0.14530246817219736,0.47879978217074615,1.2307692307692308,1.593255013631383,0.20503597122302164,0.5,0.34615384615384615
interview,GAMA_summary,Llama,faithfulness,26,0.44022545316281214,0.0244069401285934,0.43661267804614956,0.025592626441706994,0.4464676173400859,0.022232015246651762,0.15384615384615385,0.3922322702763681,0.29729729729729737,1.0,0.8461538461538461
interview,GAMA_summary,Llama,coverage,26,0.8300573566392894,1.5636805742865834e-07,0.82915619758885,2.145516621563074e-05,0.8498365855987974,3.9457238262831985e-08,0.07692307692307693,0.2773500981126146,0.7636363636363637,1.0,0.9230769230769231
interview,GAMA_summary,Llama,purity,26,0.25667867004349626,0.20559337240084893,0.1428975402062684,0.4295864066278653,0.16249033907470642,0.4277284574195298,1.3076923076923077,1.7541160386140584,0.0575692963752662,0.5769230769230769,0.34615384615384615
interview,GAMA_summary,Llama,usefulness,26,0.6715144652340957,0.0001726911318232908,0.6783611965932885,0.0005705873148589645,0.6890447073272185,9.912698345788773e-05,0.11538461538461539,0.3396831102433787,0.6119402985074627,1.0,0.8846153846153846
interview,GAMA_summary,Mistral,overall,26,0.3664421564534635,0.0655857683856622,0.3853800623171018,0.04479863893415318,0.40226205313823094,0.04162557826115267,0.46153846153846156,0.6793662204867574,0.14520547945205475,1.0,0.5384615384615384
interview,GAMA_summary,Mistral,fluency,26,-0.23682333267306033,0.2440836516959113,-0.24053230706434592,0.19219446927296446,-0.2535582710781353,0.21135076741310133,2.1923076923076925,2.3777817717036513,0.04294478527607348,0.19230769230769232,0.07692307692307693
interview,GAMA_summary,Mistral,faithfulness,26,0.3049971406652095,0.12975613745426923,0.30139814339315507,0.12331543819390371,0.30820110756665686,0.12557195905422622,0.19230769230769232,0.4385290096535146,0.2168674698795181,1.0,0.8076923076923077
interview,GAMA_summary,Mistral,coverage,26,0.018486846666163386,0.9285763705891523,0.020979533957417223,0.9133030304345018,0.021775819330616262,0.9159102793646647,0.34615384615384615,0.5883484054145521,-0.125,1.0,0.6538461538461539
interview,GAMA_summary,Mistral,purity,26,-0.05583902476878083,0.7864429862888588,-0.054044185673496406,0.7679506007627337,-0.059011330979691023,0.7746094448708012,2.5,2.7942248133771033,-0.015625,0.2692307692307692,0.038461538461538464
interview,GAMA_summary,Mistral,usefulness,26,-0.06761234037828132,0.7427778932325396,-0.07155417527999328,0.7163020609893977,-0.07268108201271968,0.7242062958837838,0.2692307692307692,0.5188745216627708,-0.06432748538011701,1.0,0.7307692307692307
interview,GAMA_summary,Qwen,overall,26,0.3241870060995731,0.10615510208228898,0.21002490193555637,0.28222974696806824,0.215064776652495,0.2913814821493582,0.9615384615384616,1.0919284281983377,-0.010600706713780772,0.8846153846153846,0.15384615384615385
interview,GAMA_summary,Qwen,fluency,26,-0.37452417908481944,0.059422650337608324,-0.4226295301942239,0.02804763719265418,-0.43932388652229554,0.02473484843126636,0.8461538461538461,1.0,-0.4565826330532212,0.9230769230769231,0.23076923076923078
interview,GAMA_summary,Qwen,faithfulness,26,0.44022545316281214,0.0244069401285934,0.418199099493402,0.029970776176221403,0.4286758421022907,0.028884555932913485,0.8461538461538461,0.9607689228305228,-0.032136105860113284,0.9615384615384616,0.19230769230769232
interview,GAMA_summary,Qwen,coverage,26,0.4276746557083741,0.029301933114585108,0.40637127688715774,0.034518277820163555,0.41807695215677887,0.03355438364214993,1.8076923076923077,1.8708286933869707,-0.0242424242424244,0.23076923076923078,0.0
interview,GAMA_summary,Qwen,purity,26,,,,,,,2.6538461538461537,2.902253766140536,0.0,0.23076923076923078,0.0
interview,GAMA_summary,Qwen,usefulness,26,0.4113063728303113,0.0368408558686226,0.3873790133706264,0.04376502102894602,0.3994951319223975,0.04318369092603787,1.7692307692307692,1.8397324220155997,-0.030487804878048808,0.2692307692307692,0.0
